name,country,country_code,city,address,latitude,longitude,parent_group,website,founded_year,total_assets_millions_eur,customer_count_thousands,deposit_volume_millions_eur,loan_volume_millions_eur,employee_count,branch_count,reporting_year,mobile_banking,mobile_banking_evidence,open_banking,open_banking_evidence,digital_onboarding,digital_onboarding_evidence,ai_chatbot,ai_chatbot_evidence,devops_cloud,devops_cloud_evidence,featured,esbg_seed_match,esbg_match_basis
CaixaBank,Spain,ES,Valencia,"Calle Pintor Sorolla 2-4, 46002 Valencia",39.4699,-0.3763,,https://www.caixabank.es,1904,630000,20300,462000,366000,46200,4300,2024,advanced,https://www.caixabank.es/particular/movilidad/googlepay_es.html,advanced,https://developer.caixabank.com/apimarket/store/site/pages/open-banking/index.jag,advanced,https://www.caixabank.es/particular/cuentas-bancarias/cuenta-online_es.html,intermediate,https://www.caixabank.com/comunicacion/noticias/corporativas/noa-ayudara-a-mejorar-la-comunicacion-con-los-clientes_es.html,advanced,https://www.caixabanktech.com/cases/google-cloud-journey,true,Yes,caixabank
Groupe BPCE (Caisse d'Epargne network),France,FR,Paris,"7 promenade Germaine Sablon, 75013 Paris",48.8566,2.3522,BPCE,https://www.groupebpce.com,2009,1584560,35000,723100,851800,100000,7300,2024,advanced,https://www.caisse-epargne.fr/application-mobile/,basic,https://www.groupebpce.com/en,intermediate,https://www.caisse-epargne.fr/comptes-et-cartes/ouvrir-un-compte/,basic,https://www.caisse-epargne.fr/,intermediate,https://www.groupebpce.com/en/newsroom/,false,Yes,groupe bpce;caisse d'epargne
Erste Group (Sparkassen),Austria,AT,Vienna,"Am Belvedere 1, 1100 Vienna",48.2082,16.3738,Erste Group / Sparkassen,https://www.erstegroup.com,1819,353000,16700,241000,220000,45500,2000,2024,advanced,https://www.sparkasse.at/erstebank/george-mobile,advanced,https://api.sparkasse.at,advanced,https://www.sparkasse.at/erstebank/privatkunden/konto-karten/konto/onlinekonto,intermediate,https://www.erstegroup.com/en/news-media/press-releases/2024/3/14/financial-health-prototype,intermediate,https://www.erstedigital.com/en,true,Yes,erste group;sparkassen
Sparkassen-Finanzgruppe,Germany,DE,Berlin,"Charlottenstrasse 47, 10117 Berlin",52.52,13.4050,Sparkassen-Finanzgruppe,https://www.sparkasse.de,1778,2500000,50000,1700000,1600000,300000,12000,2024,advanced,https://www.sparkasse.de/pk/produkte/apps/s-app.html,basic,https://www.sparkasse.de/pk/ratgeber/finanzplanung/psd2.html,intermediate,https://www.sparkasse.de/pk/produkte/konten-und-karten/girokonto.html,basic,https://www.sparkasse.de/pk/ratgeber/onlinebanking/,basic,https://www.dsv-gruppe.de/,false,Yes,sparkassen
Banque et Caisse d'Epargne de l'Etat (Spuerkeess),Luxembourg,LU,Luxembourg,"1 Place de Metz, L-1930 Luxembourg",49.6116,6.1319,,https://www.spuerkeess.lu,1856,56000,500,43000,33000,1900,55,2024,advanced,https://www.spuerkeess.lu/en/private-customers/day-to-day-banking/s-net-mobile/,basic,https://www.spuerkeess.lu/en/private-customers/day-to-day-banking/multibanking/,advanced,https://www.spuerkeess.lu/en/private-customers/become-customer-online/,none,,basic,https://www.spuerkeess.lu/en/about-us/,true,Yes,caisse d'epargne;spuerkeess
Ceska sporitelna,Czech Republic,CZ,Prague,"Olbrachtova 1929/62, 140 00 Prague",50.0755,14.4378,Erste Group,https://www.csas.cz,1825,80000,4500,57000,45000,9500,380,2024,advanced,https://www.csas.cz/cs/obcane/digitalni-sluzby-a-aplikace/aplikace-george,intermediate,https://www.csas.cz/cs/firmy/produkty-a-sluzby/transakcni-bankovnictvi/prime-bankovnictvi/open-banking,intermediate,https://www.csas.cz/cs/obcane/ucty-a-karty/osobni-ucet-plus,intermediate,https://www.csas.cz/cs/o-nas/pro-media/tiskove-zpravy/2023/12/19/ceska-sporitelna-spustila-ai-chatbot,intermediate,https://customers.microsoft.com/en-gb/story/1483761230195727099-ceska-sporitelna-azure-en-czech-republic,false,Yes,ceska sporitelna
Slovenska sporitelna,Slovakia,SK,Bratislava,"Tomasikova 48, 832 37 Bratislava",48.1486,17.1077,Erste Group,https://www.slsp.sk,1825,25000,2200,18000,16000,3700,190,2024,advanced,https://www.slsp.sk/sk/ludia/ucty/george,intermediate,https://www.slsp.sk/en/information/open-banking,basic,https://www.slsp.sk/sk/ludia/uvery/hypoteka/chcem-hypoteku-online,basic,https://www.slsp.sk/sk/ludia/pomoc-a-podpora,intermediate,https://www.erstedigital.com/en,false,Yes,slovenska sporitelna
Savings Banks Group (Saastopankki),Finland,FI,Helsinki,"Teollisuuskatu 33, 00510 Helsinki",60.1699,24.9384,Savings Banks Group,https://www.saastopankki.fi,1822,16000,1000,11000,9000,1400,120,2024,advanced,https://www.saastopankki.fi/fi-fi/tietoa-saastopankista/saastopankkiryhma/saastopankki-app,basic,https://www.saastopankki.fi/en-gb/customer-service/open-banking,advanced,https://www.saastopankki.fi/en-gb/customer-service/become-a-customer,basic,https://www.saastopankki.fi/fi-fi/asiakaspalvelu/chatbot,basic,https://www.saastopankki.fi/en-gb/about-us,false,Yes,saastopankki
SpareBank 1 Alliance,Norway,NO,Oslo,"Hammersborggata 11, 0179 Oslo",59.9139,10.7522,SpareBank 1 Alliance,https://www.sparebank1.no,1996,180000,1200,120000,110000,16000,280,2024,advanced,https://www.sparebank1.no/en/bank/private/customer-programmes/sb1u/our-products/sparebank1-app.html,intermediate,https://developer.sparebank1.no,intermediate,https://www.sparebank1.no/en/bank/private/customer-programmes/sb1u/our-products/sparebank1-app.html,basic,https://www.sparebank1.no/nb/smn/om-oss/nyheter/den-digitale-assistenten-har-flyttet-inn.html,intermediate,https://sparebank1utvikling.medium.com,false,No,
Swedbank and Savings Banks,Sweden,SE,Sundbyberg,"Landsvagen 40, 172 63 Sundbyberg",59.3613,17.9710,Sparbankerna + Swedbank,https://www.swedbank.com,1820,312000,7400,186000,172000,16000,240,2024,advanced,https://www.swedbank.se/privat/digitala-tjanster/swedbank-app.html,advanced,https://developer.swedbank.com,intermediate,https://www.swedbank.se/privat/bli-kund.html,basic,https://www.swedbank.se/privat/kundservice.html,intermediate,https://developer.swedbank.com,false,Yes,swedbank
OTP Bank,Hungary,HU,Budapest,"Nador utca 16, 1051 Budapest",47.4979,19.0402,OTP Group,https://www.otpbank.hu,1949,106000,17000,74000,56000,38000,1400,2024,advanced,https://www.otpbank.hu/portal/en/online-services/mobilebank,basic,https://www.otpbank.hu/portal/en/PSD2,intermediate,https://www.otpbank.hu/portal/en/Bank_Account/basic,none,,basic,https://www.otpbank.hu/portal/en/Aboutus,false,Yes,otp bank
Caixa Geral de Depositos,Portugal,PT,Lisbon,"Av. Joao XXI 63, 1000-300 Lisbon",38.7223,-9.1393,,https://www.cgd.pt,1876,120000,3300,89000,54000,6200,520,2024,advanced,https://www.cgd.pt/Particulares/Pages/App-CaixaDireta.aspx,basic,https://www.cgd.pt/Institucional/Pages/PSD2.aspx,intermediate,https://www.cgd.pt/Particulares/Contas/Pages/Conta-Caixa-S.aspx,basic,https://www.cgd.pt/Particulares/Apoio-Cliente/Pages/default.aspx,basic,https://www.cgd.pt/Institucional/Pages/default.aspx,false,Yes,caixa geral
Banco Montepio,Portugal,PT,Lisbon,"Rua Aurea 219-241, 1100-062 Lisbon",38.7223,-9.1393,Associacao Mutualista Montepio,https://www.bancomontepio.pt,1844,30000,1600,22000,18000,3800,300,2024,advanced,https://www.bancomontepio.pt/particulares/canais-digitais/app-m24/,basic,https://www.bancomontepio.pt/institucional/psd2/,intermediate,https://www.bancomontepio.pt/particulares/contas/conta-online/,none,,basic,https://www.bancomontepio.pt/institucional/,false,Yes,montepio
de Volksbank,Netherlands,NL,Utrecht,"Croeselaan 1, 3521 BJ Utrecht",52.0907,5.1214,,https://www.devolksbank.nl,2017,74000,3000,55000,45000,3200,650,2024,advanced,https://www.asnbank.nl/service/veilig-bankieren/asn-bank-app.html,basic,https://www.devolksbank.nl/over-de-volksbank/wat-we-doen/toezicht-en-wetgeving/psd2.html,intermediate,https://www.regiobank.nl/particulier/bankrekening/openen.html,none,,intermediate,https://www.devolksbank.nl/werken-bij.html,false,Yes,de volksbank
Rabobank,Netherlands,NL,Utrecht,"Croeselaan 18, 3521 CB Utrecht",52.0907,5.1214,Cooperative Rabobank,https://www.rabobank.com,1898,749000,10000,470000,430000,49000,430,2024,advanced,https://www.rabobank.nl/particulieren/service/mobiel-bankieren,intermediate,https://developer.rabobank.nl,intermediate,https://www.rabobank.nl/particulieren/betalen/bankrekening-openen,basic,https://www.rabobank.nl/particulieren/klantenservice/chat,intermediate,https://www.rabobank.jobs/en/tech-and-it,true,Yes,rabobank
Raiffeisen Bank International,Austria,AT,Vienna,"Am Stadtpark 9, 1030 Vienna",48.2082,16.3738,Raiffeisen,https://www.rbinternational.com,1927,215000,18600,120000,99000,44000,1500,2024,advanced,https://www.rbinternational.com/en/retail-banking/digital-banking.html,basic,https://www.rbinternational.com/en/investors/regulatory-disclosures/psd2.html,intermediate,https://www.raiffeisen.at/rch/de/privatkunden/konten.html,none,,intermediate,https://www.rbinternational.com/en/careers/it-digital.html,false,Yes,raiffeisen
Raiffeisen Switzerland,Switzerland,CH,St. Gallen,"Raiffeisenplatz 4, 9001 St. Gallen",47.4245,9.3767,Raiffeisen Group,https://www.raiffeisen.ch,1899,297860,2000,240000,220000,12000,780,2024,advanced,https://www.raiffeisen.ch/rch/en/private-customers/e-banking/mobile-banking.html,basic,https://www.raiffeisen.ch/rch/en/about-raiffeisen/downloads/legal-notices.html,intermediate,https://www.raiffeisen.ch/rch/en/private-customers/accounts-and-packages.html,none,,basic,https://www.raiffeisen.ch/rch/en/about-raiffeisen/careers.html,false,Yes,raiffeisen
OP Financial Group,Finland,FI,Helsinki,"Gebhardinaukio 1, 00510 Helsinki",60.1699,24.9384,OP Cooperative,https://www.op.fi,1902,192000,4500,130000,98000,14000,370,2024,advanced,https://www.op.fi/private-customers/daily-banking/op-mobile,basic,https://www.op.fi/corporate-customers/open-banking,advanced,https://www.op.fi/private-customers/daily-banking/accounts/open-account,none,,intermediate,https://www.op.fi/about-op/op-as-employer/technology,false,No,
Nationwide Building Society,United Kingdom,GB,Swindon,"Nationwide House, Pipers Way, Swindon",51.5558,-1.7797,,https://www.nationwide.co.uk,1884,318240,16300,247000,210000,18000,600,2024,advanced,https://www.nationwide.co.uk/help/online-banking/mobile-banking-app/,basic,https://developer.nationwideopenbanking.co.uk,intermediate,https://www.nationwide.co.uk/current-accounts/flexaccount/,basic,https://www.nationwide.co.uk/help/contact-us/chat/,intermediate,https://www.nationwide-jobs.co.uk/technology,false,No,
Coventry Building Society,United Kingdom,GB,Coventry,"Economic House, High Street, Coventry",52.4068,-1.5197,,https://www.coventrybuildingsociety.co.uk,1884,71370,2000,50000,43000,3000,70,2024,advanced,https://www.coventrybuildingsociety.co.uk/member/support/banking-app.html,basic,https://www.coventrybuildingsociety.co.uk/legal/open-banking.html,intermediate,https://www.coventrybuildingsociety.co.uk/member/product/current-account.html,none,,basic,https://www.coventrybuildingsociety.co.uk/careers.html,false,No,
Skipton Building Society,United Kingdom,GB,Skipton,"The Bailey, Skipton, BD23 1DN",53.9614,-2.0166,,https://www.skipton.co.uk,1853,42120,1200,30000,26000,2800,80,2024,advanced,https://www.skipton.co.uk/help-and-support/app,basic,https://www.skipton.co.uk/open-banking,intermediate,https://www.skipton.co.uk/mortgages/first-time-buyers/track-record-mortgage,none,,basic,https://www.skipton.co.uk/about-us/careers,false,No,
Yorkshire Building Society,United Kingdom,GB,Bradford,"Yorkshire House, Yorkshire Drive, Bradford",53.7950,-1.7594,,https://www.ybs.co.uk,1864,77220,3000,56000,47000,3700,220,2024,advanced,https://www.ybs.co.uk/ways-to-bank/mobile-app,basic,https://www.ybs.co.uk/legal/open-banking,intermediate,https://www.ybs.co.uk/current-accounts,none,,basic,https://www.ybs.co.uk/careers,false,No,
Principality Building Society,United Kingdom,GB,Cardiff,"Principality Buildings, Queen Street, Cardiff",51.4816,-3.1791,,https://www.principality.co.uk,1860,16380,500,12000,10000,1100,53,2024,advanced,https://www.principality.co.uk/ways-to-bank/mobile-app,basic,https://www.principality.co.uk/help-and-guidance/legal/open-banking,intermediate,https://www.principality.co.uk/savings/current-account,none,,basic,https://www.principality.co.uk/careers,false,No,
Bank of Valletta,Malta,MT,Valletta,"58 Zachary Street, Valletta VLT 1130",35.8989,14.5146,,https://www.bov.com,1974,15000,400,11000,9000,1500,44,2024,advanced,https://www.bov.com/content/bov-mobile-app,basic,https://www.bov.com/open-banking,intermediate,https://www.bov.com/content/become-a-customer-online,basic,https://www.bov.com/help-and-support,intermediate,https://www.bov.com/careers,false,Yes,bank of valletta
Aktia Bank,Finland,FI,Helsinki,"Mannerheimintie 14, 00100 Helsinki",60.1699,24.9384,,https://www.aktia.com,1991,14000,600,9000,8000,900,35,2024,advanced,https://www.aktia.fi/en/daily-banking/mobile-bank,basic,https://www.aktia.fi/en/open-banking,intermediate,https://www.aktia.fi/en/become-customer,none,,basic,https://www.aktia.com/en/careers,false,No,
Banca Popolare di Sondrio,Italy,IT,Sondrio,"Piazza Garibaldi 16, 23100 Sondrio",46.1699,9.8713,,https://www.popso.it,1871,56000,3200,42000,35000,3500,350,2024,advanced,https://www.popso.it/app,none,,intermediate,https://www.popso.it/apriconto,none,,basic,https://www.popso.it/lavora-con-noi,false,No,
Sparkasse KoelnBonn,Germany,DE,Cologne,"Hahnenstrasse 57, 50667 Cologne",50.9375,6.9603,Sparkassen-Finanzgruppe,https://www.sparkasse-koelnbonn.de,1826,33000,1000,24000,19000,3600,120,2024,advanced,https://www.sparkasse-koelnbonn.de/de/home/service/s-app.html,basic,https://www.sparkasse-koelnbonn.de/de/home/fi/psd2.html,intermediate,https://www.sparkasse-koelnbonn.de/de/home/privatkunden/girokonto.html,basic,https://www.sparkasse-koelnbonn.de/de/home/service/kontakt.html,basic,https://www.sparkasse-koelnbonn.de/de/home/ihre-sparkasse/karriere.html,false,No,
Hamburger Sparkasse (Haspa),Germany,DE,Hamburg,"Adolphsplatz 3, 20457 Hamburg",53.5511,9.9937,Sparkassen-Finanzgruppe,https://www.haspa.de,1827,60000,1500,42000,33000,5000,100,2024,advanced,https://www.haspa.de/de/home/service/s-app.html,basic,https://www.haspa.de/de/home/fi/psd2.html,intermediate,https://www.haspa.de/de/home/privatkunden/girokonto.html,basic,https://www.haspa.de/de/home/service/kontakt.html,basic,https://www.haspa.de/de/home/ihre-haspa/karriere.html,false,No,
Ibercaja Banco,Spain,ES,Zaragoza,"Plaza Basilio Paraiso 2, 50008 Zaragoza",41.6488,-0.8891,Ibercaja Group,https://www.ibercaja.es,2011,105000,3600,76000,58000,5400,900,2024,advanced,https://www.ibercaja.es/particulares/canales-digitales/app-ibercaja/,basic,https://www.ibercaja.es/informacion-legal/psd2/,intermediate,https://www.ibercaja.es/particulares/cuentas/abrir-cuenta-online/,basic,https://www.ibercaja.es/particulares/atencion-cliente/,basic,https://www.ibercaja.es/empleo/tecnologia/,false,No,
Kutxabank,Spain,ES,Bilbao,"Gran Via 30-32, 48009 Bilbao",43.263,-2.935,Kutxabank Group,https://www.kutxabank.es,2012,86000,2500,62000,50000,5800,850,2024,advanced,https://portal.kutxabank.es/cs/Satellite/kb/es/particulares/canales/app-kutxabank,basic,https://portal.kutxabank.es/cs/Satellite/kb/es/psd2,intermediate,https://portal.kutxabank.es/cs/Satellite/kb/es/particulares/cuentas/cuenta-online,basic,https://portal.kutxabank.es/cs/Satellite/kb/es/atencion-cliente,intermediate,https://www.kutxabank.es/es/quienes-somos,false,No,
Unicaja Banco,Spain,ES,Malaga,"Avenida de Andalucia 10-12, 29007 Malaga",36.7213,-4.4214,Fundacion Unicaja,https://www.unicajabanco.es,1884,98000,4700,70000,55000,7600,960,2024,advanced,https://www.unicajabanco.es/es/particulares/banca-digital/app-unicaja,basic,https://www.unicajabanco.es/es/psd2,intermediate,https://www.unicajabanco.es/es/particulares/cuentas/cuenta-online,basic,https://www.unicajabanco.es/es/atencion-cliente,basic,https://www.unicajabanco.es/es/empleo,false,No,
ABANCA,Spain,ES,A Coruna,"Cantón Claudino Pita 2, 15300 Betanzos",43.3623,-8.4115,ABANCA Corporacion Bancaria,https://www.abanca.com,2011,128000,2200,92000,78000,6800,650,2024,advanced,https://www.abanca.com/es/personas/banca-digital/app-abanca/,basic,https://www.abanca.com/es/legal/psd2/,intermediate,https://www.abanca.com/es/personas/cuentas/abrir-cuenta-online/,basic,https://www.abanca.com/es/ayuda/,intermediate,https://www.abanca.com/es/sobre-abanca/empleo/,false,No,
Cajamar Caja Rural,Spain,ES,Almeria,"Plaza de Barcelona 5, 04006 Almeria",36.834,-2.4637,Grupo Cooperativo Cajamar,https://www.cajamar.es,1966,64000,3900,47000,39000,5600,900,2024,advanced,https://www.cajamar.es/es/particulares/canales/app-grupo-cajamar/,basic,https://www.cajamar.es/es/informacion-legal/psd2/,intermediate,https://www.cajamar.es/es/particulares/cuentas/cuenta-wefferent/,none,,basic,https://www.cajamar.es/es/sobre-cajamar/empleo/,false,No,
Credit Mutuel Alliance Federale,France,FR,Strasbourg,"4 Rue Frederic-Guillaume Raiffeisen, 67000 Strasbourg",48.5734,7.7521,Credit Mutuel,https://www.creditmutuel.fr,1882,1300000,31000,483000,527000,77000,4000,2024,advanced,https://www.creditmutuel.fr/fr/particuliers/compte/mobile.html,basic,https://www.creditmutuel.fr/fr/banques/open-banking.html,intermediate,https://www.creditmutuel.fr/fr/particuliers/comptes/ouvrir-compte.html,intermediate,https://www.creditmutuel.fr/fr/particuliers/contacts/assistant-virtuel.html,advanced,https://www.creditmutuelalliancefederale.fr/en/who-are-we/key-figures.html,true,No,
Credit Agricole Group,France,FR,Paris,"12 Place des Etats-Unis, 92127 Montrouge",48.8162,2.3139,Credit Agricole,https://www.credit-agricole.com,1894,2763000,54000,1700000,1200000,154000,7000,2024,advanced,https://www.credit-agricole.fr/particulier/applications-ma-banque.html,basic,https://developer.ca-cib.com/,intermediate,https://www.credit-agricole.fr/particulier/compte/ouvrir-un-compte.html,basic,https://www.credit-agricole.fr/particulier/conseils/chatbot.html,advanced,https://www.credit-agricole.com/en/finance/finance/financial-publications,true,No,
BCC Iccrea Group,Italy,IT,Rome,"Via Lucrezia Romana 41-47, 00178 Rome",41.9028,12.4964,Iccrea Banca,https://www.gruppobcciccrea.it,2019,185000,5200,135000,120000,22500,2500,2024,intermediate,https://www.gruppobcciccrea.it/it-IT/Pagine/default.aspx,basic,https://www.gruppobcciccrea.it/it-IT/Pagine/PSD2.aspx,intermediate,https://www.gruppobcciccrea.it/it-IT/Pagine/conti-correnti.aspx,none,,intermediate,https://www.gruppobcciccrea.it/it-IT/Pagine/lavora-con-noi.aspx,false,No,
Cassa Centrale Banca Group,Italy,IT,Trento,"Via Segantini 5, 38122 Trento",46.0664,11.1258,Cassa Centrale Banca,https://www.cassacentrale.it,1974,110000,1600,78000,70000,12000,1500,2024,intermediate,https://www.cassacentrale.it/it/canali-digitali,basic,https://www.cassacentrale.it/it/psd2-open-banking,intermediate,https://www.cassacentrale.it/it/privati/conti-correnti,none,,intermediate,https://www.cassacentrale.it/it/lavora-con-noi,false,No,
Nykredit,Denmark,DK,Copenhagen,"Kalvebod Brygge 1-3, 1780 Copenhagen V",55.6761,12.5683,Nykredit Group,https://www.nykredit.com,1851,215000,1100,145000,130000,4200,70,2024,advanced,https://www.nykredit.dk/dit-liv/digital-bank/mobile-banking/,basic,https://www.nykredit.com/open-banking/,intermediate,https://www.nykredit.dk/dit-liv/boligbank/,none,,intermediate,https://www.nykredit.com/careers/it-tech/,false,No,
Bank Norwegian (Nordax Group),Norway,NO,Fornebu,"Snaroyveien 36, 1364 Fornebu",59.899,10.627,Nordax Bank,https://www.banknorwegian.no,2007,42000,1700,30000,27000,650,0,2024,advanced,https://www.banknorwegian.no/,none,,advanced,https://www.banknorwegian.no/kundeservice/,none,,intermediate,https://www.nordaxgroup.com/en/careers/,false,No,
Banca Transilvania,Romania,RO,Cluj-Napoca,"Calea Dorobantilor 30-36, 400117 Cluj-Napoca",46.7712,23.6236,BT Group,https://www.bancatransilvania.ro,1993,38000,4300,28000,22000,10000,500,2024,advanced,https://www.bancatransilvania.ro/en/personal-banking/online-banking/mobile-banking,basic,https://en.bancatransilvania.ro/open-banking,intermediate,https://www.bancatransilvania.ro/en/personal-banking/current-accounts,intermediate,https://www.bancatransilvania.ro/en/contact,intermediate,https://www.bancatransilvania.ro/en/about-us/careers,false,No,
CEC Bank,Romania,RO,Bucharest,"Calea Victoriei 13, Bucharest",44.4268,26.1025,Romanian State,https://www.cec.ro,1864,17000,2900,12000,9000,6400,1000,2024,intermediate,https://www.cec.ro/persoane-fizice/mobile-banking,basic,https://www.cec.ro/open-banking,basic,https://www.cec.ro/persoane-fizice/conturi-si-pachete,none,,basic,https://www.cec.ro/despre-cec-bank/cariere,false,No,
DZ Bank Group,Germany,DE,Frankfurt,"Platz der Republik, 60325 Frankfurt am Main",50.1109,8.6821,German Cooperative Financial Network,https://www.dzbank.com,2001,675000,30000,420000,390000,30000,9000,2024,intermediate,https://www.volksbanken-raiffeisenbanken.de/privatkunden/digitalbanking.html,basic,https://www.dzbank.com/content/dzbank/en/home/investor-relations/regulatory-disclosures.html,basic,https://www.volksbank.de/,none,,advanced,https://www.dzbank.com/content/dzbank/en/home/careers.html,true,No,
Berliner Volksbank,Germany,DE,Berlin,"Budapester Strasse 35, 10787 Berlin",52.5076,13.3439,BVR,https://www.berliner-volksbank.de,1946,18600,1200,14000,12000,2000,70,2024,advanced,https://www.berliner-volksbank.de/privatkunden/girokonto-und-bezahlen/banking-app.html,basic,https://www.berliner-volksbank.de/psd2.html,intermediate,https://www.berliner-volksbank.de/privatkunden/girokonto-und-kreditkarten/girokonto.html,none,,basic,https://www.berliner-volksbank.de/meine-bank/karriere.html,false,No,
GLS Bank,Germany,DE,Bochum,"Christstrasse 9, 44789 Bochum",51.4818,7.2162,Cooperative GLS Gemeinschaftsbank,https://www.gls.de,1974,12000,370,9000,7000,950,9,2024,intermediate,https://www.gls.de/privatkunden/gls-app/,basic,https://www.gls.de/psd2/,intermediate,https://www.gls.de/privatkunden/konto/,none,,intermediate,https://www.gls.de/karriere/,false,No,
Raiffeisenlandesbank Oberosterreich,Austria,AT,Linz,"Europaplatz 1a, 4020 Linz",48.3069,14.2858,Raiffeisen Banking Group Austria,https://www.rlbooe.at,1900,52000,900,38000,33000,3500,130,2024,intermediate,https://www.raiffeisen.at/ooe/de/privatkunden/digitales-banking.html,basic,https://www.raiffeisen.at/ooe/de/rechtliches/psd2.html,intermediate,https://www.raiffeisen.at/ooe/de/privatkunden/konto-karten/kontoeroeffnung.html,none,,intermediate,https://www.rlbooe.at/karriere,false,Yes,raiffeisen
Raiffeisenlandesbank NO-Wien,Austria,AT,Vienna,"Friedrich-Wilhelm-Raiffeisen-Platz 1, 1020 Vienna",48.2082,16.3738,Raiffeisen Banking Group Austria,https://www.raiffeisenbank.at,1898,42000,780,30000,26000,2200,90,2024,intermediate,https://www.raiffeisen.at/noew/de/privatkunden/digitales-banking.html,basic,https://www.raiffeisen.at/noew/de/rechtliches/psd2.html,intermediate,https://www.raiffeisen.at/noew/de/privatkunden/konto-karten/kontoeroeffnung.html,none,,intermediate,https://www.raiffeisenbank.at/de/karriere.html,false,Yes,raiffeisen
Raiffeisen-Landesbank Steiermark,Austria,AT,Graz,"Radetzkystrasse 15, 8010 Graz",47.0707,15.4395,Raiffeisen Banking Group Austria,https://www.rlbstmk.at,1927,23000,500,17000,15000,1500,70,2024,intermediate,https://www.raiffeisen.at/stmk/de/privatkunden/digitales-banking.html,basic,https://www.raiffeisen.at/stmk/de/rechtliches/psd2.html,intermediate,https://www.raiffeisen.at/stmk/de/privatkunden/konto-karten/kontoeroeffnung.html,none,,basic,https://www.rlbstmk.at/de/karriere.html,false,Yes,raiffeisen
de Volksbank (SNS),Netherlands,NL,Utrecht,"Croeselaan 1, 3521 BJ Utrecht",52.0907,5.1214,de Volksbank,https://www.snsbank.nl,1817,74000,3000,55000,45000,3200,650,2024,advanced,https://www.snsbank.nl/particulier/betalen/sns-app.html,basic,https://www.snsbank.nl/over-sns/open-banking.html,intermediate,https://www.snsbank.nl/particulier/betalen/betaalrekening-openen.html,none,,intermediate,https://www.devolksbank.nl/werken-bij.html,false,Yes,de volksbank;sns
Triodos Bank,Netherlands,NL,Driebergen-Rijsenburg,"Hoofdstraat 10, 3972 LA Driebergen-Rijsenburg",52.0517,5.28,Triodos Group,https://www.triodos.com,1980,17000,750,13000,10000,1700,40,2024,advanced,https://www.triodos.nl/service-en-contact/bankieren-met-de-app,basic,https://www.triodos.com/en/open-banking,intermediate,https://www.triodos.nl/particulier/betalen/betaalrekening-openen,none,,intermediate,https://www.triodos.com/en/careers,false,No,
Banca Popolare di Bari,Italy,IT,Bari,"Corso Cavour 19, 70122 Bari",41.1171,16.8719,MCC Group,https://www.popolarebari.it,1960,18000,1400,13000,11000,2600,220,2024,intermediate,https://www.popolarebari.it/privati/canali-digitali/,none,,basic,https://www.popolarebari.it/privati/conti/,none,,basic,https://www.popolarebari.it/istituzionale/lavora-con-noi/,false,No,
Banque Raiffeisen,Luxembourg,LU,Leudelange,"4 Rue Leon Laval, L-3372 Leudelange",49.5686,6.0653,Raiffeisen Luxembourg,https://www.raiffeisen.lu,1925,13000,250,10000,8000,900,40,2024,advanced,https://www.raiffeisen.lu/en/private/customers/digital-banking,basic,https://www.raiffeisen.lu/en/psd2,intermediate,https://www.raiffeisen.lu/en/private/customers/accounts,none,,basic,https://www.raiffeisen.lu/en/bank/careers,false,Yes,raiffeisen
Sparkasse Hannover,Germany,DE,Hannover,"Raschplatz 4, 30161 Hannover",52.3759,9.732,Sparkassen-Finanzgruppe,https://www.sparkasse-hannover.de,1823,28000,1200,19000,15000,2700,90,2024,advanced,https://www.sparkasse-hannover.de/de/home/service/s-app.html,basic,https://www.sparkasse-hannover.de/de/home/fi/psd2.html,intermediate,https://www.sparkasse-hannover.de/de/home/privatkunden/girokonto.html,basic,https://www.sparkasse-hannover.de/de/home/service/kontakt.html,basic,https://www.sparkasse-hannover.de/de/home/ihre-sparkasse/karriere.html,false,No,
Kreissparkasse Koeln,Germany,DE,Cologne,"Neumarkt 18-24, 50667 Cologne",50.9375,6.9603,Sparkassen-Finanzgruppe,https://www.ksk-koeln.de,1853,34000,1600,24000,20000,3800,110,2024,advanced,https://www.ksk-koeln.de/de/home/service/s-app.html,basic,https://www.ksk-koeln.de/de/home/fi/psd2.html,intermediate,https://www.ksk-koeln.de/de/home/privatkunden/girokonto.html,basic,https://www.ksk-koeln.de/de/home/service/kontakt.html,basic,https://www.ksk-koeln.de/de/home/ihre-sparkasse/karriere.html,false,No,
Frankfurter Sparkasse,Germany,DE,Frankfurt,"Neue Mainzer Strasse 47-53, 60311 Frankfurt",50.1109,8.6821,Helaba / Sparkassen-Finanzgruppe,https://www.frankfurter-sparkasse.de,1822,21000,900,15000,12000,2200,70,2024,advanced,https://www.frankfurter-sparkasse.de/de/home/service/s-app.html,basic,https://www.frankfurter-sparkasse.de/de/home/fi/psd2.html,intermediate,https://www.frankfurter-sparkasse.de/de/home/privatkunden/girokonto.html,basic,https://www.frankfurter-sparkasse.de/de/home/service/kontakt.html,basic,https://www.frankfurter-sparkasse.de/de/home/ihre-sparkasse/karriere.html,false,No,
Berliner Sparkasse,Germany,DE,Berlin,"Alexanderplatz 2, 10178 Berlin",52.52,13.405,Sparkassen-Finanzgruppe,https://www.berliner-sparkasse.de,1818,46000,1900,32000,27000,4500,85,2024,advanced,https://www.berliner-sparkasse.de/de/home/service/s-app.html,basic,https://www.berliner-sparkasse.de/de/home/fi/psd2.html,intermediate,https://www.berliner-sparkasse.de/de/home/privatkunden/girokonto.html,basic,https://www.berliner-sparkasse.de/de/home/service/kontakt.html,basic,https://www.berliner-sparkasse.de/de/home/ihre-sparkasse/karriere.html,false,No,
Stadtsparkasse Duesseldorf,Germany,DE,Duesseldorf,"Berliner Allee 33, 40212 Duesseldorf",51.2277,6.7735,Sparkassen-Finanzgruppe,https://www.sskduesseldorf.de,1825,18000,700,12000,10000,1800,45,2024,advanced,https://www.sskduesseldorf.de/de/home/service/s-app.html,basic,https://www.sskduesseldorf.de/de/home/fi/psd2.html,intermediate,https://www.sskduesseldorf.de/de/home/privatkunden/girokonto.html,basic,https://www.sskduesseldorf.de/de/home/service/kontakt.html,basic,https://www.sskduesseldorf.de/de/home/ihre-sparkasse/karriere.html,false,No,
Sparkasse Bremen,Germany,DE,Bremen,"Am Brill 1-3, 28195 Bremen",53.0793,8.8017,Sparkassen-Finanzgruppe,https://www.sparkasse-bremen.de,1825,14000,600,10000,8000,1300,40,2024,advanced,https://www.sparkasse-bremen.de/de/home/service/s-app.html,basic,https://www.sparkasse-bremen.de/de/home/fi/psd2.html,intermediate,https://www.sparkasse-bremen.de/de/home/privatkunden/girokonto.html,basic,https://www.sparkasse-bremen.de/de/home/service/kontakt.html,basic,https://www.sparkasse-bremen.de/de/home/ihre-sparkasse/karriere.html,false,No,
SpareBank 1 SR-Bank,Norway,NO,Stavanger,"Christen Tranes gate 35, 4007 Stavanger",58.969,5.7331,SpareBank 1 Alliance,https://www.sr-bank.no,1839,85000,1200,60000,50000,1700,50,2024,advanced,https://www.sr-bank.no/nb/privat/daglig-bruk/nett-og-mobilbank.html,intermediate,https://developer.sparebank1.no,intermediate,https://www.sr-bank.no/nb/privat/konto-og-kort/bli-kunde.html,basic,https://www.sr-bank.no/nb/privat/kundeservice,intermediate,https://sparebank1utvikling.medium.com,false,No,
SpareBank 1 SMN,Norway,NO,Trondheim,"Sondre gate 4, 7011 Trondheim",63.4305,10.3951,SpareBank 1 Alliance,https://www.sparebank1.no/nb/smn,1823,78000,850,56000,47000,1400,46,2024,advanced,https://www.sparebank1.no/nb/smn/privat/daglig-bruk/nett-og-mobilbank.html,intermediate,https://developer.sparebank1.no,intermediate,https://www.sparebank1.no/nb/smn/privat/konto-og-kort/bli-kunde.html,basic,https://www.sparebank1.no/nb/smn/kundeservice/,intermediate,https://sparebank1utvikling.medium.com,false,No,
SpareBank 1 Nord-Norge,Norway,NO,Tromso,"Storgata 65, 9008 Tromso",69.6492,18.9553,SpareBank 1 Alliance,https://www.sparebank1.no/nb/nord-norge,1836,62000,650,45000,36000,1100,35,2024,advanced,https://www.sparebank1.no/nb/nord-norge/privat/daglig-bruk/nett-og-mobilbank.html,intermediate,https://developer.sparebank1.no,intermediate,https://www.sparebank1.no/nb/nord-norge/privat/konto-og-kort/bli-kunde.html,basic,https://www.sparebank1.no/nb/nord-norge/kundeservice/,intermediate,https://sparebank1utvikling.medium.com,false,No,
Sparebanken Vest,Norway,NO,Bergen,"Jonsvollsgaten 2, 5011 Bergen",60.3913,5.3221,,https://www.spv.no,1823,51000,500,36000,30000,1050,31,2024,advanced,https://www.spv.no/privat/nettbank-og-app,basic,https://www.spv.no/psd2,intermediate,https://www.spv.no/privat/konto/bli-kunde,none,,basic,https://www.spv.no/om-oss/jobbe-i-sparebanken-vest,false,No,
Sparebanken Sor,Norway,NO,Kristiansand,"Radhusgata 14, 4611 Kristiansand",58.1467,7.9956,,https://www.sor.no,1824,42000,420,30000,24000,900,28,2024,advanced,https://www.sor.no/privat/nettbank-og-app,basic,https://www.sor.no/psd2,intermediate,https://www.sor.no/privat/bli-kunde,none,,basic,https://www.sor.no/om-oss/karriere,false,No,
Lansforsakringar Bank,Sweden,SE,Stockholm,"Tegeluddsvagen 11-13, 115 41 Stockholm",59.3293,18.0686,Lansforsakringar AB,https://www.lansforsakringar.se,1997,90000,4000,65000,52000,2200,130,2024,advanced,https://www.lansforsakringar.se/stockholm/privat/bank/appen/,basic,https://www.lansforsakringar.se/stockholm/om-oss/psd2/,intermediate,https://www.lansforsakringar.se/stockholm/privat/bank/bli-bankkund/,none,,basic,https://www.lansforsakringar.se/stockholm/om-oss/jobba-hos-oss/,false,No,
Leeds Building Society,United Kingdom,GB,Leeds,"105 Albion Street, Leeds LS1 5AS",53.8008,-1.5491,,https://www.leedsbuildingsociety.co.uk,1875,30000,1000,24000,18000,1800,50,2024,advanced,https://www.leedsbuildingsociety.co.uk/member-support/mobile-app/,basic,https://www.leedsbuildingsociety.co.uk/legal/open-banking/,intermediate,https://www.leedsbuildingsociety.co.uk/savings/online-saver/,none,,basic,https://www.leedsbuildingsociety.co.uk/careers/,false,No,
KBC Brussels,Belgium,BE,Brussels,"Avenue du Port 2, 1080 Brussels",50.8503,4.3517,KBC Group,https://www.kbcbrussels.be,1935,350000,13000,230000,205000,42000,900,2024,advanced,https://www.kbcbrussels.be/retail/en/products/payments/mobile/kbc-mobile.html,advanced,https://developer.kbc.com,intermediate,https://www.kbcbrussels.be/retail/en/products/payments/current-accounts.html,intermediate,https://www.kbcbrussels.be/retail/en/processes/digital-assistant-kate.html,advanced,https://www.kbc.com/en/innovation.html,false,No,
Belfius Bank,Belgium,BE,Brussels,"Place Charles Rogier 11, 1210 Brussels",50.8503,4.3517,,https://www.belfius.be,1863,230000,4000,160000,140000,16000,600,2024,advanced,https://www.belfius.be/retail/en/products/payments/mobile-app/index.aspx,basic,https://www.belfius.be/corporate/en/Products-and-services/payments/open-banking/index.aspx,intermediate,https://www.belfius.be/retail/en/products/current-accounts/index.aspx,intermediate,https://www.belfius.be/retail/en/contact/chat/index.aspx,intermediate,https://www.belfius.be/about-us/en/jobs/index.aspx,false,No,
Banca di Asti,Italy,IT,Asti,"Piazza Liberta 23, 14100 Asti",44.9008,8.2064,,https://www.bancadiasti.it,1842,17000,500,13000,10000,1700,240,2024,intermediate,https://www.bancadiasti.it/privati/canali-digitali,none,,basic,https://www.bancadiasti.it/privati/conti,none,,basic,https://www.bancadiasti.it/chi-siamo/lavora-con-noi,false,No,
Caja Rural de Navarra,Spain,ES,Pamplona,"Plaza de los Fueros 1, 31005 Pamplona",42.8125,-1.6458,Grupo Caja Rural,https://www.cajaruraldenavarra.com,1904,18000,500,13000,11000,1100,140,2024,advanced,https://www.cajaruraldenavarra.com/es/particulares/banca-digital/app-ruralvianext,basic,https://www.cajarural.com/es/psd2,intermediate,https://www.cajaruraldenavarra.com/es/particulares/cuentas,none,,basic,https://www.cajaruraldenavarra.com/es/conocenos/empleo,false,No,
Laboral Kutxa,Spain,ES,Mondragon,"Paseo Jose Maria Arizmendiarrieta, 20500 Mondragon",43.0644,-2.4914,,https://www.laboralkutxa.com,1959,28000,1200,21000,17000,2400,280,2024,advanced,https://www.laboralkutxa.com/es/particulares/banca-online/app,basic,https://www.laboralkutxa.com/es/psd2,intermediate,https://www.laboralkutxa.com/es/particulares/cuentas,none,,basic,https://www.laboralkutxa.com/es/conocenos/trabaja-con-nosotros,false,No,
Nova Ljubljanska Banka (NLB),Slovenia,SI,Ljubljana,"Trg republike 2, 1000 Ljubljana",46.0569,14.5058,,https://www.nlb.si,1889,25000,1900,17000,13000,6000,230,2024,advanced,https://www.nlb.si/mobile-bank,basic,https://www.nlb.si/open-banking,intermediate,https://www.nlb.si/personal/accounts,basic,https://www.nlb.si/contact,intermediate,https://www.nlb.si/careers,false,No,
